{
    "macro_f1": 0.41369329914562447,
    "weighted_f1": 0.6608532093223329,
    "classification_report": {
        "1": {
            "precision": 0.09226833947440544,
            "recall": 0.916030534351145,
            "f1-score": 0.16764992703355072,
            "support": 13231.0
        },
        "2": {
            "precision": 0.9571180765004516,
            "recall": 0.5527290975063692,
            "f1-score": 0.7007689516379314,
            "support": 1062146.0
        },
        "3": {
            "precision": 0.49590589981528116,
            "recall": 0.7122546310991978,
            "f1-score": 0.5847091751383349,
            "support": 255177.0
        },
        "4": {
            "precision": 0.11497167943868451,
            "recall": 0.8192559074912016,
            "f1-score": 0.20164514277268086,
            "support": 35802.0
        },
        "accuracy": 0.5930233409155447,
        "macro avg": {
            "precision": 0.4150659988072057,
            "recall": 0.7500675426119785,
            "f1-score": 0.41369329914562447,
            "support": 1366356.0
        },
        "weighted avg": {
            "precision": 0.8405422413680347,
            "recall": 0.5930233409155447,
            "f1-score": 0.6608532093223329,
            "support": 1366356.0
        }
    },
    "confusion_matrix": [
        [
            12120,
            300,
            572,
            239
        ],
        [
            96558,
            587079,
            182677,
            195832
        ],
        [
            22016,
            21697,
            181751,
            29713
        ],
        [
            662,
            4306,
            1503,
            29331
        ]
    ]
}