{
    "1": 25.81780605785764,
    "2": 0.32160246962165767,
    "3": 1.3386379133658468,
    "4": 9.541057412993688
}