{
    "macro_f1": 0.45396272618126277,
    "weighted_f1": 0.7097852400111423,
    "inference_time_cpu": 435.34149289131165,
    "class_4_recall": 0.8200938495056143,
    "report": {
        "0": {
            "precision": 0.11528843502486427,
            "recall": 0.9164084347366034,
            "f1-score": 0.20481072954848736,
            "support": 13231.0
        },
        "1": {
            "precision": 0.9625398539507681,
            "recall": 0.6176363701412046,
            "f1-score": 0.7524472428409293,
            "support": 1062146.0
        },
        "2": {
            "precision": 0.5318984592971316,
            "recall": 0.7583050196530251,
            "f1-score": 0.625236682757863,
            "support": 255177.0
        },
        "3": {
            "precision": 0.1360319497403157,
            "recall": 0.8200938495056143,
            "f1-score": 0.2333562495777715,
            "support": 35802.0
        },
        "accuracy": 0.6521053078407092,
        "macro avg": {
            "precision": 0.4364396745032699,
            "recall": 0.7781109185091118,
            "f1-score": 0.45396272618126277,
            "support": 1366356.0
        },
        "weighted avg": {
            "precision": 0.8522535166610118,
            "recall": 0.6521053078407092,
            "f1-score": 0.7097852400111423,
            "support": 1366356.0
        }
    },
    "confusion_matrix": [
        [
            12125,
            355,
            552,
            199
        ],
        [
            77215,
            656020,
            168061,
            160850
        ],
        [
            15333,
            20913,
            193502,
            25429
        ],
        [
            498,
            4263,
            1680,
            29361
        ]
    ],
    "training_time": 1152.7218115329742
}