{
    "model_name": "random_forest",
    "training_time_seconds": 2138.04,
    "f1_weighted": 0.61,
    "accuracy": 0.5408,
    "macro_avg_f1": 0.3822,
    "class_performance": {
        "1": {
            "precision": 0.08618194971965998,
            "recall": 0.8643337616204368,
            "f1-score": 0.1567359021976742,
            "support": 13231.0
        },
        "2": {
            "precision": 0.9485122496464254,
            "recall": 0.4893498633897788,
            "f1-score": 0.6456173169594086,
            "support": 1062146.0
        },
        "3": {
            "precision": 0.4470282427641833,
            "recall": 0.7002316039454967,
            "f1-score": 0.5456885889233306,
            "support": 255177.0
        },
        "4": {
            "precision": 0.10162533394877821,
            "recall": 0.8117423607619686,
            "f1-score": 0.18063609862822974,
            "support": 35802.0
        }
    }
}