{
    "macro_f1": 0.39825674852069093,
    "weighted_f1": 0.6369454860547735,
    "inference_time_cpu": 12.94295072555542,
    "class_4_recall": 0.8229707837550975,
    "report": {
        "0": {
            "precision": 0.0872891897364691,
            "recall": 0.9122515304965612,
            "f1-score": 0.15933257209237858,
            "support": 13231.0
        },
        "1": {
            "precision": 0.9549339000682011,
            "recall": 0.5220271036185232,
            "f1-score": 0.6750366147182036,
            "support": 1062146.0
        },
        "2": {
            "precision": 0.47339733761908287,
            "recall": 0.70182657527912,
            "f1-score": 0.5654119671341863,
            "support": 255177.0
        },
        "3": {
            "precision": 0.10947624992568812,
            "recall": 0.8229707837550975,
            "f1-score": 0.19324584013799526,
            "support": 35802.0
        },
        "accuracy": 0.5672701697068699,
        "macro avg": {
            "precision": 0.40627416933736027,
            "recall": 0.7397689982873255,
            "f1-score": 0.39825674852069093,
            "support": 1366356.0
        },
        "weighted avg": {
            "precision": 0.8344485087434804,
            "recall": 0.5672701697068699,
            "f1-score": 0.6369454860547735,
            "support": 1366356.0
        }
    },
    "confusion_matrix": [
        [
            12070,
            277,
            616,
            268
        ],
        [
            102307,
            554469,
            197081,
            208289
        ],
        [
            23242,
            21730,
            179090,
            31115
        ],
        [
            657,
            4160,
            1521,
            29464
        ]
    ],
    "training_time": 252.76504802703857
}