{
    "macro_f1": 0.3340551139948356,
    "weighted_f1": 0.5249906283647705,
    "inference_time_cpu": 6.004623889923096,
    "class_4_recall": 0.8483604267917993,
    "report": {
        "0": {
            "precision": 0.06652525809937689,
            "recall": 0.8746882321819969,
            "f1-score": 0.12364646491626378,
            "support": 13231.0
        },
        "1": {
            "precision": 0.9524895049133423,
            "recall": 0.38236927879971305,
            "f1-score": 0.5456797820140057,
            "support": 1062146.0
        },
        "2": {
            "precision": 0.41466211265102626,
            "recall": 0.6675053002425767,
            "f1-score": 0.5115459118552443,
            "support": 255177.0
        },
        "3": {
            "precision": 0.0855025912861844,
            "recall": 0.8483604267917993,
            "f1-score": 0.15534829719382862,
            "support": 35802.0
        },
        "accuracy": 0.45259800520508564,
        "macro avg": {
            "precision": 0.3797948667374824,
            "recall": 0.6932308095040215,
            "f1-score": 0.3340551139948356,
            "support": 1366356.0
        },
        "weighted avg": {
            "precision": 0.8207498712405688,
            "recall": 0.45259800520508564,
            "f1-score": 0.5249906283647705,
            "support": 1366356.0
        }
    },
    "confusion_matrix": [
        [
            11573,
            199,
            994,
            465
        ],
        [
            131507,
            406132,
            238129,
            286378
        ],
        [
            30272,
            16560,
            170332,
            38013
        ],
        [
            612,
            3499,
            1318,
            30373
        ]
    ],
    "training_time": 1579.8694007396698
}