{
    "macro_f1": 0.31175194303353926,
    "weighted_f1": 0.5007780482256058,
    "inference_time_cpu": 0.11277103424072266,
    "class_4_recall": 0.8012122227808502,
    "report": {
        "0": {
            "precision": 0.0441906235806685,
            "recall": 0.7941954500793591,
            "f1-score": 0.08372274608694959,
            "support": 13231.0
        },
        "1": {
            "precision": 0.9313749038617842,
            "recall": 0.3614211228964756,
            "f1-score": 0.5207605169322932,
            "support": 1062146.0
        },
        "2": {
            "precision": 0.40703225146865685,
            "recall": 0.6084835232015424,
            "f1-score": 0.48777660496852265,
            "support": 255177.0
        },
        "3": {
            "precision": 0.08564476159197444,
            "recall": 0.8012122227808502,
            "f1-score": 0.15474790414639147,
            "support": 35802.0
        },
        "accuracy": 0.4232762179109983,
        "macro avg": {
            "precision": 0.367060635125771,
            "recall": 0.6413280797395569,
            "f1-score": 0.31175194303353926,
            "support": 1366356.0
        },
        "weighted avg": {
            "precision": 0.802698811558121,
            "recall": 0.4232762179109983,
            "f1-score": 0.5007780482256058,
            "support": 1366356.0
        }
    },
    "confusion_matrix": [
        [
            10508,
            452,
            1845,
            426
        ],
        [
            184046,
            383882,
            222954,
            271264
        ],
        [
            42389,
            22962,
            155271,
            34555
        ],
        [
            845,
            4871,
            1401,
            28685
        ]
    ],
    "training_time": 1947.374899148941
}