{
    "macro_f1": 0.4087421893157862,
    "weighted_f1": 0.6538068815589992,
    "inference_time_cpu": 70.2467315196991,
    "class_4_recall": 0.820875928719066,
    "report": {
        "0": {
            "precision": 0.08994929292628887,
            "recall": 0.9143677726551281,
            "f1-score": 0.16378639265140899,
            "support": 13231.0
        },
        "1": {
            "precision": 0.9568043834089828,
            "recall": 0.5431965097077049,
            "f1-score": 0.6929766561150457,
            "support": 1062146.0
        },
        "2": {
            "precision": 0.4912186769581997,
            "recall": 0.7082887564318101,
            "f1-score": 0.5801125631301987,
            "support": 255177.0
        },
        "3": {
            "precision": 0.11263735210814167,
            "recall": 0.820875928719066,
            "f1-score": 0.19809314536649153,
            "support": 35802.0
        },
        "accuracy": 0.584898811144387,
        "macro avg": {
            "precision": 0.4126524263504032,
            "recall": 0.7466822418784274,
            "f1-score": 0.4087421893157862,
            "support": 1366356.0
        },
        "weighted avg": {
            "precision": 0.8393393950956876,
            "recall": 0.584898811144387,
            "f1-score": 0.6538068815589992,
            "support": 1366356.0
        }
    },
    "confusion_matrix": [
        [
            12098,
            300,
            585,
            248
        ],
        [
            99220,
            576954,
            185147,
            200825
        ],
        [
            22524,
            21459,
            180739,
            30455
        ],
        [
            656,
            4288,
            1469,
            29389
        ]
    ],
    "training_time": 397.8444049358368
}