{
    "macro_f1": 0.4886078357091917,
    "weighted_f1": 0.7461609301866734,
    "inference_time_cpu": 114.38095545768738,
    "class_4_recall": 0.7906820847997319,
    "report": {
        "0": {
            "precision": 0.1379449465142014,
            "recall": 0.9044667825561182,
            "f1-score": 0.23938069471810208,
            "support": 13231.0
        },
        "1": {
            "precision": 0.9614627810677114,
            "recall": 0.6739516036401775,
            "f1-score": 0.7924344914658048,
            "support": 1062146.0
        },
        "2": {
            "precision": 0.5476276889239392,
            "recall": 0.7864423517793532,
            "f1-score": 0.6456596646901553,
            "support": 255177.0
        },
        "3": {
            "precision": 0.16788044122879847,
            "recall": 0.7906820847997319,
            "f1-score": 0.2769564919627046,
            "support": 35802.0
        },
        "accuracy": 0.7002508862990319,
        "macro avg": {
            "precision": 0.45372896443366256,
            "recall": 0.7888857056938452,
            "f1-score": 0.4886078357091917,
            "support": 1366356.0
        },
        "weighted avg": {
            "precision": 0.8554076997361538,
            "recall": 0.7002508862990319,
            "f1-score": 0.7461609301866734,
            "support": 1366356.0
        }
    },
    "confusion_matrix": [
        [
            11967,
            488,
            616,
            160
        ],
        [
            62785,
            715835,
            163131,
            120395
        ],
        [
            11619,
            23119,
            200682,
            19757
        ],
        [
            381,
            5085,
            2028,
            28308
        ]
    ],
    "training_time": 1402.3665244579315
}