{
    "macro_f1": 0.4007223075854679,
    "weighted_f1": 0.6405088909793903,
    "inference_time_cpu": 2.699761390686035,
    "class_4_recall": 0.8242835595776772,
    "report": {
        "0": {
            "precision": 0.08796461076930899,
            "recall": 0.9152747335802283,
            "f1-score": 0.1605036447978794,
            "support": 13231.0
        },
        "1": {
            "precision": 0.955061726707926,
            "recall": 0.5263833785562437,
            "f1-score": 0.6787002996572484,
            "support": 1062146.0
        },
        "2": {
            "precision": 0.4775824830565279,
            "recall": 0.7036292455824781,
            "f1-score": 0.5689767449966964,
            "support": 255177.0
        },
        "3": {
            "precision": 0.11039247665788844,
            "recall": 0.8242835595776772,
            "f1-score": 0.1947085408900472,
            "support": 35802.0
        },
        "accuracy": 0.5710568841502507,
        "macro avg": {
            "precision": 0.40775032429791286,
            "recall": 0.7423927293241568,
            "f1-score": 0.4007223075854679,
            "support": 1366356.0
        },
        "weighted avg": {
            "precision": 0.8353600300867614,
            "recall": 0.5710568841502507,
            "f1-score": 0.6405088909793903,
            "support": 1366356.0
        }
    },
    "confusion_matrix": [
        [
            12110,
            259,
            629,
            233
        ],
        [
            102108,
            559096,
            194299,
            206643
        ],
        [
            22764,
            21922,
            179550,
            30941
        ],
        [
            687,
            4126,
            1478,
            29511
        ]
    ],
    "training_time": 3773.5679240226746
}