{
    "model_name": "logistic_regression",
    "training_time_seconds": 3918.33,
    "f1_weighted": 0.5009,
    "accuracy": 0.4234,
    "macro_avg_f1": 0.3118,
    "class_performance": {
        "1": {
            "precision": 0.044213263979193757,
            "recall": 0.7940442899251757,
            "f1-score": 0.08376253727297371,
            "support": 13231.0
        },
        "2": {
            "precision": 0.9313373834382238,
            "recall": 0.3615538730080422,
            "f1-score": 0.5208924360503797,
            "support": 1062146.0
        },
        "3": {
            "precision": 0.4070820118994575,
            "recall": 0.6086520336864216,
            "f1-score": 0.48786647547459033,
            "support": 255177.0
        },
        "4": {
            "precision": 0.08566607937408546,
            "recall": 0.8012680855818111,
            "f1-score": 0.15478374411878965,
            "support": 35802.0
        }
    }
}